<audioteca>
    <disco titulo = "Beauty Behind the Madness" artista = "The Weeknd" genero = "Rhythm and Blues/Soul" anho ="2015">
        
        <cancion titulo = "Real Life" duracion = "3:43"/>
        <cancion titulo = "Tell your friends" duracion = "4:41"/>
        <cancion titulo = "Losers" duracion = "5:34"/>
        <cancion titulo = "Often" duracion = "4:09"/>
        <cancion titulo = "The Hills[Explicit]" duracion = "4:02"/>
        <cancion titulo = "Acquainted" duracion = "5:49"/>
        <cancion titulo = "Can't Fell My Face" duracion = "3:15"/>
        <cancion titulo = "Shameless[Explicit]" duracion = "4:14"/>
        <cancion titulo = "Earned It" duracion = "4:38"/>
        <cancion titulo = "In The Night" duracion = "3:56"/>
        <cancion titulo = "As You Are" duracion = "5:40"/>
        <cancion titulo = "Dark Times" duracion = "4:21"/>
        <cancion titulo = "Prisoner" duracion = "4:35"/>
        <cancion titulo = "Angel" duracion = "6:17"/>
    </disco>

    <disco titulo = "Revival" artista = "Eminem" genero = "Rap" anho ="2017">
        
        <cancion titulo = "Walk on Water" duracion = "4:58"/>
        <cancion titulo = "Belive" duracion = "5:15"/>
        <cancion titulo = "Chloraseptic" duracion = "5:01"/>
        <cancion titulo = "Untouchable" duracion = "6:10"/>
        <cancion titulo = "River" duracion = "3:41"/>
        <cancion titulo = "Remind Me (Intro)" duracion = "0:26"/>
        <cancion titulo = "Remind Me" duracion = "3:45"/>
        <cancion titulo = "Revival (Interlude)" duracion = "0:52"/>
        <cancion titulo = "Like Home" duracion = "4:05"/>
        <cancion titulo = "Bad Husband" duracion = "4:48"/>
        <cancion titulo = "Tragic Endings" duracion = "4:12"/>
        <cancion titulo = "Framed" duracion = "4:13"/>
        <cancion titulo = "Nowhere Fast" duracion = "4:24"/>
        <cancion titulo = "Heat" duracion = "4:10"/>
        <cancion titulo = "Offended" duracion = "5:21"/>
        <cancion titulo = "Need Me" duracion = "4:25"/>
        <cancion titulo = "In Your Head" duracion = "3:03"/>
        <cancion titulo = "Castle" duracion = "4:15"/>
        <cancion titulo = "Arose" duracion = "4:35"/>
        
    </disco>
        
    <disco titulo = "Atrevido" artista = "Trueno" genero = "Latin Urban" anho = "2020">

        <cancion titulo = "20.1.9" duracion = "1:40"/>
        <cancion titulo = "Rain II" duracion = "3:18"/>
        <cancion titulo = "Atrevido" duracion = "3:15"/>
        <cancion titulo = "Cucumelo" duracion = "2:42"/>
        <cancion titulo = "G.P.S" duracion = "3:48"/>
        <cancion titulo = "Azul y Oro" duracion = "3:15"/>
        <cancion titulo = "Sangría" duracion = "2:35"/>
        <cancion titulo = "Ñeri" duracion = "3:15"/>
        <cancion titulo = "Background" duracion = "2:53"/>
        <cancion titulo = "Mamichula" duracion = "3:39"/>
    </disco>
</audioteca>