{
  "project_info": {
    "project_number": "479382251928",
    "project_id": "pfc-2dam",
    "storage_bucket": "pfc-2dam.appspot.com"
  },
  "client": [
    {
      "client_info": {
        "mobilesdk_app_id": "1:479382251928:android:df231b86f90e22bfef63ed",
        "android_client_info": {
          "package_name": "com.example.prueba_proyecto"
        }
      },
      "oauth_client": [
        {
          "client_id": "479382251928-vvibo8t54s1bkbk3cd6m54u3bs5vsopg.apps.googleusercontent.com",
          "client_type": 3
        }
      ],
      "api_key": [
        {
          "current_key": "AIzaSyDAKWfyj9asEq6DrFNAcXOpqcQf3D7kiQs"
        }
      ],
      "services": {
        "appinvite_service": {
          "other_platform_oauth_client": [
            {
              "client_id": "479382251928-vvibo8t54s1bkbk3cd6m54u3bs5vsopg.apps.googleusercontent.com",
              "client_type": 3
            }
          ]
        }
      }
    }
  ],
  "configuration_version": "1"
}